7TfGkmbMzmN6w4FZiZ8N2eJdMhXCtygnuD4sPKyKbAJX,410
CZi1KYrXRr1CCKvE3ujcUusn8Q4UL1TzpJUEyR6X2TTF,403
7X4wgVapJsiaeytE7PkaKhE3bZC23DRCnBdqNw7mCYXP,373
5BVk6RAEarDv3AfiDrumVrcKyXeQ8ukbySyMuN9x3epG,290
hPWjEtVtuzQjMPzZ6Vjmcp6gRErnPDqPbsZCq7ikG1f,277
4PNPWuMrSfCXLdMJgCEJ3GnrHoJMxSaTFE1p74mwTi4t,273
3hMRTBf1Y833Tr29WccqgF15Wo58GZjD8LMuKcaai4gq,266
6CjS6zFU8XVUHEDHv6rsTPaZ1yCdLTm7CcAzkxpFuFPW,226
3fEoHDfyo4hbiCTGaPjx9Qui3YrrZLskHVcKSQwcudHB,174
FZZ3BfKaXmouS9B6G1gUKMnzJYmnBU31UtCbyKHbSGB4,153
8m7tENtEpeJ7GTeaMYG2Xq5CrvyytmPCYVqGapaUKeGD,147
6ZPrqJXNLuMXLtgR1SSSbVeM89FAoHp1MbkcibLULfJy,124
4z7BmcVL2fRtwAhh8N1DDteXyK3cXFbbpZ1kA5ffL1UR,124
UeNtaMcEK4UHJYkGM6XNqzbQGTM3zHNycr93eNWR8xC,103
CeT8EZ1UB7Y4S2S6wXupn1Cs5QyoNVaQcTo79cMMM8gB,98
9EpR37f3vowaJcag7Vok1fdg3TQehKmYu9xRdjmh8dXt,98
4DbMjKkVWd8gxvnSYbB4QKzNXS2knFxjcedweHrn1i7Z,88
7Aqw6Sv22eoCexECvZNWuC7yAi33kHsMDDEpve89xq1b,86
EC1LquGcLGmSDtUj4aQuDB2PZKtwqKzHbWY4AcNnfWao,81
FGMn2J97D9UcDeTRJo5drfKFh6QUffBL85nSVB94hwTm,79
4ejxabtKac6X6kFn39mTAYtn1CQfSEbXVBL4zeuRCCoW,75
7ovTc6XfqmS7JesAZ6mYGJi6sjMe7n5o7DHb8t7farvK,62
HhGhtZsL1F4HqnEeHUFM2TR275Bcaoyq5qaYMvACoUd2,61
dVki2RNWAyXXcVpxmuUvANCjYiLRt4PyzfFRPGwdjQ1,52
Fh9x9upxy4hgPJkqaWYTUhSeUbGUG3UmBCuFNSSBriCh,52
BxkaSZpEwXMj3vApRHhfHDn2wx9T28EbqzHgoBC8htoz,44
H8aakYpnntRBaFwKPk264DQ1jm5nFH8nqNAwGQ8DnMYc,44
8SW5qqvm72ivui3FEidVq3hb8a44gtRzhPWB7X1Yg4oH,42
Dzg6ssnTpUQ6CoPBZPo58FSvuPcx3Q2WfXTGQTpXm9JV,41
B2Roq7DTYtSSii2X3p5jvrPs1NmufrnUzPjU4P9T3atG,35
2FfUDKmoYnKJUvS9AEh7yyBt2W22jrpMvasiJ7LTBTjo,32
Qu2NH6oXt7Eeo5dMBT6uHvsenCPemKbxvNaHvbGoxXe,31
F8C228FSHPv4NoE4oQ52Kw4ksL7ReSLRepLiAFNUXsv5,25
ARxAzVaDvaj9LmTif52AgpoEVnBBV21rxUV1g5uWcznD,25
FxsH3pZzEmKc74v3bmVf8x8yscCQ6D7UmGATVvgzCa9W,24
3WwKoL2FUzKuk8cvF76iAc9NCXVvKEF7dtxWwJHeGaEo,24
4Ks2Np97JcdNVwk35gRyrc8C85QDLxQgxjdq7McepJ4R,22
BMAQD25tgvfSWqrBUK8iNdv9i2qtFsxaw1GXJcuYqcgB,21
8aqVowmtJV6SNVy7nUddjXjzxn5jgs1QwBJAb7hYvjKB,21
8oTYXJYy16dCw4kp2e9AYXjXcjCbxcWKU5aCPsETktUY,21
2urx2xniCJdrRfWEdpvc5jyp9dJmBGDeJW6cdwVCyJoT,19
7pib9t7tqveVRdMkc4fn5br8vDB569ddriVkwVjWMmqk,19
FWyJWq91BiKRaYKx9nZeMomKaCWQ2aXeJYjBqPUVeLkk,18
GsSytLt1MZWt6sAF8rXv1tSrZLsYAK873veATWdVbBeE,18
6hkGGrBJYdS2W4ybbyPMNQaVAgPyyNxMQtvCZmEJU4Wc,18
38KBzNfCzyidzVB39pwT3bZDM6Y28PZ3AhVbbJJvcXHz,17
4toFTq5gjavFgQ2DvWMdfhV35rN4ZvdGGUZ6NYDAzP9b,17
AuiEaAnHK4npkb7jtPhkuRiZKruo663FGeSYYaRah4Rs,17
HkeqcwBStp2d8fakm99nvkh4pGqKTXyi7GH6wHJ5t87r,17
8MDhmxpxyD5z4jA7egKAd8C24BCWWpxmGjUYvCrY7Mc2,17
DaWoJVzydunhG7ogdLWS7pn329cc9thvm4w6vZEoDiXz,16
FpjoKuBE4iFXdB1ZVbbM6f2Z8XJaXTP46qhJi7zduoYX,15
8dvmUNGwBdfGuMNxCMWyVwiE8ry3UC2362QG75KaC698,15
54Pz1e35z9uoFdnxtzjp7xZQoFiofqhdayQWBMN7dsuy,14
GvUsfUmDpFiaVxQhUr3scU2qXYKxYfu7tedVRL3KACYb,12
BM9CcyErJcu2mjrFvUsRRrD3snGeHDDVirJLvL6EjvMN,11
5jMCCinwJ7e5kVviehEuFtD8YXag2hiewbkGFcjVsfp7,12
E41bMp2iVZnJhxTEbNMMLiekzKu87GDxjqHBRoDMG1Bn,12
EEofoSkCFWRRCTyx7A8njmA8x6MfBQkWHBVZongeNKeb,11
AGCF4b21M8y2Cd3efiSEQG4mtXTjvYTCGsoEUgGatwbi,11
6fo1oRsACLpV2NUeKW8XkmGVpefCHVW1cBirSnAKUTpg,10
FpHPA6D9MQwwtgDoEknPJPS9btpmvbdCrzydVkhpfhGD,10
8t3qYuftht9HRcDmgjnruTsxmCtPvRGqtLPtmXhUFyRt,10
Hy44qeQWePhVPzUPftrS6jxt4YLQnkfzk4JJohquBYPw,9
2sYqTKggmKbyrSkD3JRNshMJGHBVe51BXzHTRwy4UaJx,9
AwYuy8Gxh1Hse9LPpoRAUv1J31iqGpSa7ayaXQ77aqar,9
GzSuhpRW5BsQG477rmHpWAo7VLxdjKqMMmQMYZpCp9LU,9
9WKrvJNtiothC3rNK3oeb6tKzP2GymC1UZ4umW9Ct9SA,9
7jBEjtMactDcRjfeG8foyGFeiH9q3JqfNq9sw5sEZDSG,8
FVDqBeoCQWCdiHgqLtgFiYdrip8VfUqCf9gHkho3BATX,8
31uHrh2Cn2KShHvsUwkeMMTSmZS5JdDLYxzR3bmg2M1D,8
AYGqLiMnAaJ6Kbe6Qhaj65zcsZQDa8FBq4LVaFVfuXcP,7
D8ZpkAdAZZtXEHxqG5EGuRpxGChu51CXiZCQoKxniLz1,7
4pTP5pU9Q6d6Q42D4GCp4DZaqiiLJHmBeoMXvxuWwRfz,7
AiRAQosGtGcx4NdrpbFn8tZyCWhHJkrHn2bePu7BPVGH,7
Ex2gD1yHtXrd2tbPRfUQUKvDUUv4eNeT48zs7PPkAhYR,7
6ne5DrHtsGeaqWsVis6TpZ46p7vkLskTVRseGGnpc6Un,7
29MCf9fM9XGqdDAgS7ESXVtkkJjbyYFRQRA2L79tSG7V,5
B2hcLrJ5XffgDQHTu2esF9wZ72aoRFfQyeQvCAHdJyBi,5
Ae3FYSzygCAAFwJz7x181sKacideSDwEEDKuu711nZS2,5
Hf7uXKhxQMRjjWdSUGVDb7esXYucfPTYkMV2ShYRbrqr,5
4daMnqeeDAah8EJkKiiSW3MteXpAGK3cqyWpNKjN9eKA,5
Duvp9TL8YiDDu2rV7T5qMBnkge6mTwBM8qz9Dk5FwN9L,5
AXxrdNCgrK3dPrr5AdvvHHgXftfCipcx8CsMEEM4vjR1,5
8Rjfg6UipHDRZyh9HaAUGzdPrRjusehsna4VoERZxFLL,5
7ATdB2dpjUZQ21kNrbYb8uk3AzWCkgwMYraHCnJtLUKu,5
3UeV6hWGU5cRKSihckpADfMzg8tGLjewzCGZa5dJh2Du,5
7TBy3k319HPQApbFKAw3dZzXeX2bzt9k1Vziq9qFTiwW,5
H9B121gm7nRcrKSNi559LEn4PgL9n61XUHeibzJivwvJ,5
Cv9TKdBW9gBuMEkShioApaQ1DAquybX5zUaruTH5X3Nk,5
Fd4Q3wNk1yBc9bZdMvDSQVd2KfTFtsGzs5cDgHBHxwQR,5
BHrx1GMMje55Pq38CYAGVqkoPeJ8iDktVUf4KFu2PQky,5
89rDL1a7u5kMnWqkdNdgH6XLngtYcB33GDFXMyZd4Seh,4
7hVALA7QT2pRERqnsgKmfHoME5mnA8zSVxV19YUt1pLY,4
A77UVnFpXyzwQkBXgMAkdbnNM3S6Kz9hqNwXE8HRcKtg,4
EuRgSPwyrDfnNKB1fNt2YJ3rC6ctCNgukGG1JxLyxQtd,4
Dzs3KDsmfsLitEqYUQUhxdcXvuX3Nwo2ZtnQwseeKkgL,4
J1dYKKuQe1Q15Q1VKngc46mVhrqZNjfUL34jZSeGbooP,4
7FE5RmbEGhkiFBmJJd6r16mnjhWQ6AShs7YbTFUwsuty,4
HoGxRQN7sA2veYbFdRTUJjHkSWYEaL24s634Y5Sm7ZGK,4
H9t91iFpteayVSNCnnDrz8KeNimy7TRudizgh5iFgFe,4
298mMxgN9Q8qPPQy8fwaafkBqALvoc6NuDuQi928rFVH,4
6gtsucwxd7cbKN3VQnGL6V7hucPYgmCn8egRtjME4UiX,4
DiyvaNTvhs72GFn5P1CNGz6PSta7RvuPtDezEkmGbhQn,4
A8M5MKoqzxct2WP2JEohz3vEnmcEnZJoDRB8jsR2ikzh,4
D89XAVVD92ZwjpPZGQ8m42uwCrzbrq3CBuX3ENkK5FE5,3
98QycMtCQMQQg6LD4wY4Q5Qp2YJVPwPa4nzW69JqaSD5,3
672eYbaBKeE88a9gygzxcLFF7GEhnENyxGhX28NgDFZK,3
G3LUyfoejV3fYFPKhavinM53UbC5CXwwkaUEQpjQpk7i,3
HRBNonmwcW3Ld1MVAMyWMJAXybY6CPFPhR2cUZg3oMZZ,3
km3h9TxYV9xb8iKSLLgmqcrnLsJVGUfFq9wUpfSTgmn,3
D5FCEYMLpBh6gcinxA47gM7LoySKqXkGTgnLFLej97JB,3
DsZwdF3bQbgKt5B54eWd4BzQRy4K3q8UUSjc7xxGwTNT,3
Ch2nyRt2xZozUe5Z7Q16cBZunMpAPdiDaEdnMm6eb9wV,3
5kiTe9am12oUL8MqB17Xpo1Ris4bnFXKwtcMCe7rpZPn,3
FpAvzLKgRLtBDays7rSNMxSTdxZFM8i4knBQurLhhgGF,3
7SZcMbkD3Q7cSQdizayj3ggKhXpe7jzVwhCw4XRKB573,3
5oLCHSrUZr6qU2S3jTFccHbWQ9MHVNUsiz2eZ6pYzbmr,3
E1JrA6NhM2cnSL5BQCn4dcLiYKGuoqWSXNcLGyXdp7jw,3
73q5i9Yrs6pmnN8i8uKcTjSgQMpUkLJWuiouRH6T3Y2m,3
CvqLAVvrsKBLVo5xdybXe7hNKFdRJhAxHxkNU2SqPdfM,3
ASFJLxmf9hLZMGcYGkBH58xHAmjMn5X6WoHLQ6yYZf6L,3
ERJuJRGgjzzvRgBbqHcBSUtHLXfuyxsSp7mJTVtXdmeN,3
FU6SvkKzU4vzDDUyfSEhLUHjteGAHyPQYWS9TA3Yei15,3
CEBg1TakDYV7GkxKuuCCAepZAiRLJVEoptibXtPprhnj,3
J4YEj2niLy6y2sxrRaSkCKwADew1vSqiYc3vYPDUUYSJ,3
5GHG3dWTPCe3Nq26STJ9AfADNUbePj8r4iwgMB2BessG,3
65m4EgBnzoBJHdeaHxVvcV4ej1AhGLuYekxrnU4StbLJ,3
3KZTq4ydwDMjf2uzhddFqBetu3KHJFN4t9KWb1qz6vQT,3
FMVHP1xw6ZHB9zLGyrJeeAvEzCBgouH8bPzdkYqq2C5W,3
GBt8xrgtL1LUis3ZxTPpHeJSxmR8yph9GRpaKFwCgtET,3
8MzJLs3GPpYEUYQk91SPLnNW2hHzLMYcr9LK6Zm53afL,3
D8pKYqtUiPy6i1CDYnxmWHi97XQJiV7J7FmCviCunPqT,2
Fby1jS9K22MApwFiayu7xyXtuxQZGNYvjQ4phSYP8eYG,2
9bQAAovscDJbCfyDbwZSskDXqc5VKf7cJ1xEugNCEjJM,2
7VtqpDTU5UBm8Zwb7wJEN9N17etY59yC8DR35hCGoTEw,2
37QwgjrnXF65UYdQouzeWt4tNfUfuSFSn6faQWwLQuFh,2
Qw3tSLid1Q4X4FbQDGSs65BYv1jCTXUWbS4zFtmcLqM,2
5WMoPghcq97jR5XL3zbYfEQcxFV47seXCd4oHMhu7LLv,2
ADFGvVioZnunZVABv85fE1NDwRpVskskRytUoogD9qbd,2
A75fXuLeVeUCtLRCcYye4djS32gmhktbEa64AFaV4JWX,2
394avDJmMevV7KxMQMTdiMyUCdaC5NNahJ4GqYXi1jJp,2
52vvc5VVCwSnB9WKkvyUpJ59GggYWJ9AqmSaCD1nXfZR,2
BZUvMwhMSLN6F7W8iPNZkqEVs35PWU8Rt1AC3999RmTh,2
4idJiMuxkR48U2Bua6B2ZuvFu7cQ8hr6HdoC6jTBUeKB,2
pBhcAM2bHvRKiPrSrusgGfL3egpex5kBC4eyyuMBGWA,2
82u6ThMHRGah16m7JPe54NuzYKixBgVHBuSi59cJAtfA,2
3ZRazoasTqt7MttYUF9QNrP5scwWfbTu8h6Urf4iYM1A,2
G1YLjL1XgHbpwKG6MBRmvk4aCYARfadjVPMcmUiFfXt4,2
DziaD1rNMNbiR9YpeS2y3hgmPFhsrwoV9uQdrPxrvhQo,2
7F7iCBmoebWD9i4c54Zy9diJrWgpqqoxc9puQnfxj1Le,2
69D9poAovEtNYJBivXdCABp5sY2Pofwj1HxvSv8NxkuY,2
CqTJLtguxQR5g8iJj2pKwU5vbUsukMxgMJLgaZU7vxgV,2
3hE1Ksw6QpF7ykcqpLokz499q8bDiJe2pURWxVu8Mx3q,2
DFH9azJnY57sWCKh2avusZz65NVp5X45sXsUkY67VL1p,2
HKi2CgLuYgS2sRPNtt86ziucBzXFnNgqhYAa8KVT8aVf,2
AMsQdRWXjM4kN7TsaCuUbJXv3Jff8KKikFPNDjAkEEND,2
9vq3NE8VG8B5qi4MhQ4GLSQfXszpEmpCkP8Sf5EU9HW8,2
F1MgH76gsZrNayNLkSHaKJEttQCLv6vW81AhM4jdaLu8,2
GYuCgdSLcAN1byML8Bmxtqi7AF4g42MQ14HneQpxVCWV,2
HRPQUGLF6aFwhosa2EvpiheweE9VYcEJiV7RXC7uPMnX,2
72PH88QSCpEGJag4SbQzv53Dhw2nQ35Xxn7oiY72ok9d,2
5NqLavPJGD5ngSnWXKccUKfyG35X2KschAmS36wY8WSu,2
4NtNZfkM5ey7KNEoCK8cLKBSR9khvFAWkdT1KidF4b3j,2
8kvCP212fv5EfsNgX89s8MAxpqx8NgQ9Z91GpyuoaqT4,2
ELiqrma3Y5ZE9iFWh53PTbMFtRrQ7gEADKH5QH1KykaV,2
AFQnv1ffbPGD7uvPSiyGgQgD226gU24wpxUgPVbVFt5t,2
Gucuk9nJMB7ksaPSmhPfgkjgiuN9g5NTudVVXYmoaTLK,2
Hk42ZGavmQUoiwM3xcNC3bnsigjLW7nQeU7uW3UnD25L,2
AP3VcBnkPzGuUEzqEgHuH5B4wX3vfFQEk5SxeowiZ6wX,2
FTLFknuJrteRdD9mKsJqyeN19hGKMikZBW4fce6E9MZh,1
2gGJqkPbNwwjpGwqPFKjqR1JHAvr8GCPoHW55Gp7kmTv,1
3KPz8znqbK39zrrGKrnBrmQS5ExA5CGncKzpZPifM3DA,1
7HB9D4XuEVj1hJodHoYt8Ptv8Mem5huzk7rJAGnLvDun,1
24QPHMNjKuZRPnWaWyQ9xnFC2mHTb3KVS5qyxAfDxsLp,1
2Vnz57uEhsrG6bqE1Y8bavUbpezmg61WBj7prPBDEiap,1
DqMESzoCQ7qP1vh75xcchotCpfkM7aB6tLvaUiaZ118s,1
2wvJLa6Smn65PpaCKSxXNfHwzjzKxzgkLk6JTddnq2KW,1
7VUNgvWmdXm83CqJ3HHyDFKguLQfKJ7hPQmEBN8dWnPX,1
CYyQjjR7czcPdEZP7UZnWpYcSEJJeUmnzAeWxM4dJs1G,1
E9wmsa6ivMoBVFWHBrZBYpqoDnvkrHfxk3sHZghuTBAz,1
AkTgH1uW6J6j6QHmFNGzZuZwwXaHQsPCpHUriED28tRj,1
8DBarX2Y1DwqF1Yd5kvFeb2kEa2QnhLDuUdaTCAHfjFx,1
GP8StUXNYSZjPikyRsvkTbvRV1GBxMErb59cpeCJnDf1,1
ADeVdUCjYDopv2Q5nJ2HNeVLS1oBaJHLLmbKzVq54zVY,1
CrNk1dRt141weBqksE2tGfi7gaDqcYWi5UfBXZLZhGgt,1
26PAsc4eVHhqsU6aPB4fntGLp1nEPDf1G8MQrjk2o1gi,1
3LoAYHuSd7Gh8d7RTFnhvYtiTiefdZ5ByamU42vkzd76,1
68Bt5742rnF6kaMC6fbeAmqbZeZDEr7mV1QZCt9Ctj1Z,1
8qpsowERV7cWeumCnoqoKCMp1u3gJMyzVoSK1mua4ESd,1
ErnvS78ZgJwxZF8LoMRkCSJFG2nU2mRygxjREvTPm2eg,1
GLnVJFpo4kGExHdHYfmw45pi9WRa5hseMhEUJwgpnWyp,1
5UmH5y7zz5agyXL8obmG2DRoBoHUYMopEL3ad5wc6Pje,1
HF5nDkAEHZFv5Y54dZVxEzByr4AVrNsbk3xJPb255Bca,1
BA8mLnkjxZsWRrZqzUQv4GP2TiCSGHfs9kMNJNSPT4Gx,1
7QWMFMF6QCFFobtx6VxaUj47ST2Lokd62oNYDTKgEdj5,1
69yhtoJR4JYPPABZcSNkzuqbaFbwHsCkja1sP1Q2aVT5,1
2qgWzaEFnaH81ybxQ3i1eH8MmmKS6uEoQ5kfUxrf3kEP,1
F5YSLYCDT8fagsd8Jm4dkp5Lwoe7MzT2fYLFCJErjb4P,1
7B5YkZLG8zb4rZq4isCPJjfiK87BPL2eHtzGqQP7BKb4,1
DPNobtttdtdEEpf9yE4Uep4RmxJkNBVHfRrYJMjgpbL7,1
9j7Fenh611sUf5tfPHgvgQH3q7VDUfTUNG3HuQLZS2dQ,1
mP4tnNkwAtRLpSZG5CqcH3CVPJHgVw7XH3j6YRyayQP,1
6D9rji9arEh2UqfW6CUuUrEqyoMJtKXvZt1SJiCARmZj,1
HFqp6ErWHY6Uzhj8rFyjYuDya2mXUpYEk8VW75K9PSiY,1
6b6E4mKARYb15vHmHPri2ieypQgwVXwj99teRWyF8qVY,1
ApuFDCLxBiCcG4cdoC2S54kRu2FCyeoWuNi1Dh1cZiY8,1
5Y3N8xaJf19eW9q7AgLPxtRYK4tZqtqe8hpxfhMp8rTk,1
Fqo3tiKqGf7Cb1HfPLADRMiDCLSTZd1nkGj4Jr7J5kBK,1
AZ2EdD85absSiX6XS5YVcU1NPxgp4hZbAt2Kgq1Gt7MQ,1
23u3VFnC1hvkCESheqe7CT36enZfehFWv94UqNjUrZnn,1
AJrF5CWGeey3EecqYTzH6jLshgJC17SLG6oiU8zM3UDK,1
FcWEvdoFheVm8k8DynZzHW29xpyKRE82pFbebiRyTYuG,1
CkREwp7anNcsthNLWvawqrxA2E8DVZZ4aNsJ1eRPmn6y,1
HU23r7UoZbqTUuh3vA7emAGztFtqwTeVips789vqxxBw,1
C3scQf4iEjbPvF6Tg3GPLzfjQ6Xj4BcjLgvvxjCSvzRg,1
DSN3j1ykL3obAVNv7ZX49VsFCPe4LqzxHnmtLiPwY6xg,1
9akjHhmpDVuwqCoMxiCyPASSXtuv7EuKTi6sWgRKScCJ,1
EAbiAucb9pS8kn6Re3rZgmS7ozYR16VbfmzVK6d4emY9,1
JCTwoiCwpgJCnpKjnmjYgnZCobfjk387vFHAhqB2AD48,1
Bo7hmARdNZbvTP3viFfpS3zjCDQUiScdKgk1namLc78a,1
7v4BUb1NTAM5Ez6StX1Wd8tAxPbTmDZjC2DrQyPyV8JM,1
2ws2HsH7kDrcNaHNwURyjoSpRW2TpzbzcycLVGPj9Dzc,1
J6RGyWCPKUp975MvUcM5tbahQZscbDtc8Zt597ZKkczw,1
FcN79e85KwzrmPZDJtWpcnNLwvwA5EjkXHgXrrsmcRgM,1
ASLeVQzS43ReEsKhHFSgSi3wseaYEuoWFU6YpXcRQhX2,1
BcZjn4g24dSeAusykqE1yLsw1BaxJMZhMstTe4BC6Whp,1
Fob17DMLifsm75pnDcbcg4QT8tQ49VtoAKi1ocmRZPWt,1
ERCpx5sBXyozpwBSv2NZ298bNtohVdENTHfX8aVGapz6,1
D5H9CxtAF1vKmtFR2fZHNSbRmCfgoqXLSmXr1DU5jBbn,1
ntkLeLvADArvsXwAgtaL1E9A9zwHj24CT2aJKgbvhcT,1
4fSbKz5eU66ZaNkvjM16rYNfqGEx83tVqPAZwXfCYKeZ,1
HVqZdgVbwXz5wXw8ZyPoAQHLs6SXtyxYPxtcTqkdqzcw,1
9e4K36hCZSMSkaScVifQAno9GE4j5h3gkdnvHYUJtFsJ,1
7iWnBRRhBCiNXXPhqiGzvvBkKrvFSWqqmxRyu9VyYBxE,1
4p5VwaGhuoLXztTkGLUTpdVHi17CaaM1UaghxAxqtKcF,1
7m7C7fFRfpX5zjQdzQ78JNL9PzdKNDn8j4ydybMTcx8,1
FME7B1GWth8UMKkru5NqrDt7Ktb2pPraiKcLdvqVTo6Z,1
GMCTMNgen3Zmpmy48eLNHEQtUFjmkVF2iFdpbu8jZ15J,1
BAgEcDNzgUd8DXaBJAf6Qn6zsbQ2X214aNHzr5tpsJVU,1
68rg1hifkzxhtYtXvgjiTr9rybwxkRax2Q5oS8hoZUKi,1
FUnf953p8EYyQ4wC6YCQfxFntQ7z2PCNUi7iWZwNtFHq,1
onE8K7Cu66DC9mKAyoEiiGWpK3zXdEXZahmRASU9GAS,1
VkgELusbDzck9GhfuXZMqSZDEJ2fczfa9ydBZC72J8c,1
Gyv9u5e9T5YhWA9qrY9TVZpqCC3VXrTSjisUnBauUDC4,1
7pu3pywapxrU9KkBL1PmPxME67jtkBu5BwNYqhffmxnb,1
Cn4j4Vr6EfTgwiW6ePzTZu418zeK3whJYgGfF4c4HBj9,1
36jRg95qMucAGn2CzCkYnx3qMax1343LTp1tqLYqiNmv,1
6aqhhKbguSQ33cZBpN2FnNkeMcws6NA6W5vNYebZhxzx,1
7u72qS445RKEk7P4LQ2guqCbPvoh8FNdZQxxCojqrVpn,1
2or2MYUi6F3XGbbDta4jTsLJBNMKABtsCsYXsduKxKBN,1
FfxfUj9cTtMLHme9xhe8oAX7WDBPY8UVgVJgzaypFiCJ,1
Fdmdqv4gCZsa3qLKwXwGzq1kpifyPd6aRoFV5PQ9vqzd,1
6PCwPpnuEd4BCnewnB9c5unjQcApUg1vDD6LqMtmUrUp,1
9KHsHDR8NXhkFRikcqqc7TWpyVgBvzuFXWyxL3Cm2ToJ,1
6W7mqiJypitUftFf9DNrx44T8PEqtpmFgiUzn4CgRHM8,1
2LUXrP9XQonCtCEoQvJS5Zjnhsdvhqffg2CujcMpCLgn,1
JJitNMH5yfgiERUTnZNM74dHfrXC1DDwPYDK3qTWhX5,1
BHkzbqjrv9tp4opMVpvES1B3XLJADRDFF5HCpydviqJG,1
G8bGdwNgcQ28D9hXMjPbhWGJSGuXTAW9diN2dcR8RzdZ,1
8r4AF2Xz1JyomoKBSsnyg3cJzqX5zNhA6cJV35EkgZhu,1
1Bvn3MGY3ix2uKzwDD73PVFgS6LXcVYsESMig1buNce,1
4jkL4dNkY2UbpYrTgLA3u5FqKwKs1LM46RcE6FQU3qXi,1
7kRfYgbpichh83KfYGubHrNrzNukesSzgD4xvf6CcB5D,1
J4QqZsFhHrZpJCUJXpiXczdqzWsaLADmVtsBer5JnnsY,1
6DYbERCMunQFYLXDdeKAnd1TVPHgLbK6GhnABPt6izEc,1
D9GYt4W7VvteKCSvTgyjzuiBJyTy94Kmr6YiC9fbxGjW,1
5H3TSjUJzkcSLoAMUQgrp8xUAVVZN5U7DV8Lk8o1hcgM,1
3XzYK75Km6gi23uiLQMwvQw3rMZXVueiLULPCYwBDrgR,1
4mu3pro9F8XwDHfNriVwGgn5YeRBMybQsjsQzibzkXrZ,1
ChKkz5AJRkfzqJ3SvFmPiwyGm2uKqU1Wkan88jwNKLTt,1
5tdu3WHKm6nvDv1GpZvetJJpqFrWbgj5f8LxGQtzfJmh,1
GMgaFeAbxZzwXMtNWsp6WEaRQE1hQPmGJc5yDdtrfVqk,1
ED5a6vDtio9EAkoQbqtxqXHpygo9jA2zN4k9tDy5Z3Lx,1
G5LGzimZWQGtfBepG1xknhd6vEa1EQXF4UCE66yfb53v,1
65HE9DgsUyNAznRjpTeSKK5LS2Ug4FfNGP1eB6hVmExw,1
J6AcHihfwGYQHBZ4XLqgoDNMAr6mqN3ecV7vSoAJ5Mrx,1
EbkDPkvgecKvKzXYrRZrSLRnpJK6Q8Xtn7skRKYy84ry,1
9v3tbpuUVqhvJxSU97zH1mAie7rk736FBUjnpqDyD73p,1
B8EcwTtL4umqsiT6yEVQMFpZX8QbekzG67ESjdeesaAU,1
8hjjXwkvrJqqcfB94nr53u51iYhS5Zad1wdmB2H1weH2,1
49AjZZ376YyJEATcsEyVEzM54ttL9Ct2DfhHU6tYYLM8,1
AS6qkUDLFPpYLqim4dfzGHSmVLS7qyzDKDN4RrTDP39d,1
CyjZ6hpnw7aRe3AWncoZJd7gQQVJdnqdZ6PXQ84QeRj7,1
51C5MNbHMZvrfS7Gd4vKkrjndHCiGfw12hriK75Vu7Yd,1
A9N17zKLWoFeJBHVvacY3J2kcagtxxmAM41oEDTz7PPi,1
GbZMNVCf93Zj2hCwnpRxpaAKyRetzC24n1HrighddnbL,1
9PR6qHD8MqMzk44obaHdZd8z91k8DzryeEFyi5W6L8Ew,1
CviQPrur9qv2kcsdW1skiLZkj7FUQUBxmfKtfXmyU3PP,1
FhxwNPSfT6KcgPJns8PBJDnQSqCZd2U3mLgfjtELjnws,1
DqrURkMQZ9fZz5RehVGfr4pdnFm1Enbkyqqo9es5ipsx,1
CToH1LpCHtNwwu92r8Yi5DkeJVMNtYwWzVxSBEsCuM4C,1
4tiVwRx75mYp9PVmZLbAuJzxNismGKj4M12UnbZxiKmr,1
DUjXTV54mvcTYHv4zpSVqL2RsrzEuzashp4dy9iVXWHT,1
FvHAoPUsG4A8pVFPTvnQXebhuEGpQKvUo6Bm23cmiXEQ,1
85Je1QiED7MyAmXtMMz9wJKqYaKznnBMRCqHQo1P7b5W,1
DCLQRdxBYBnN73PPbNzowoGnNJgLceRs9eUairfdtfEh,1
HSp2C1KA8KwxipXxX5RBS325cfgRTBxZaMQcNohFTWZW,1
Wh3zTRRfvLsKuGDCdWH9W1nyyjVxi1Eh2UyxpkjdHw1,1
3148jMRucSdWu9EKgRDfeEWrTz1LbsMAdWb3vPUZpfMK,1
9STEwmdCS85gXstNyDEWygUuPHKXr7PbhT6BF3bsqw8P,1
3CgvbiM3op4vjrrjH2zcrQUwsqh5veNVRjFCB9N6sRoD,1
7Vvn1P7LRPjpa4ah6yogGjfqzBTDejfSPa9UEUcg6oCy,1
2UAV1bRjhX65Aouxj8k4pMBxsuaHar7fwYZCumUDQdgX,1
AJ32fDy9X6MdE1dpU5t1VEoeu21CTtDfNKZwjg8x4a4L,1
D5t2TEhK4z8NTV1sDvfsYTKjASG7T5UFik64AeA36sa,1
CjucPwg92SDtqQWc2LcPrGrhbdfp16eRPwFmjyrGP4YE,1
3hsD7ceVNahfoJfSkywP4Yr9C5awcgC72xv8J6TkvJRH,1
21QDudMCT92yxfjz87QYuu9vtEiQaRS7x2CPL6RmrPVR,1
35X7M9C47FQskGYM3PE2rwESBBKvrGqpG2Z2oMhXNGT8,1
JA6D8ASCyRwThEDmssdG9GDUfiUFLRk9Dim8ENKjbcr2,1
8PdP7CrNdEYPNQzYwg1JUAR4yzY48TFLAPH9wmDDLFJS,1